{
  "experiment": "D.9 real-data empirical anchor (Paper B C-Sh instance)",
  "source": "/Users/elouafiq/workdir/gnn_express/partition-sandwich-preprint/experiments/results/e3.json",
  "n_dataset_rows": 27,
  "n_failures": 0,
  "worst_abs_diff_lower": 4.3021142204224816e-16,
  "worst_abs_diff_upper": 0.0,
  "tolerances": {
    "TOL_LOWER": 1e-06,
    "TOL_UPPER": 1e-12,
    "TOL_BRACKET": 1e-09
  },
  "datasets_seen": [
    "citeseer",
    "cora",
    "ogbn_arxiv",
    "pubmed",
    "twitch_en"
  ],
  "rows": [
    {
      "dataset": "twitch_en",
      "L": 0,
      "n": 7126,
      "m": 130,
      "H": 0.9617174906625134,
      "eps_star": 0.41636261577322475,
      "lower_paperA_json": 0.38532685532156963,
      "upper_paperA_json": 0.4808587453312567,
      "lower_paperB_recomputed": 0.3853268553215695,
      "upper_paperB_recomputed": 0.4808587453312567,
      "abs_diff_lower": 1.1102230246251565e-16,
      "abs_diff_upper": 0.0,
      "T3_lower_envelope_ok": true,
      "T3_upper_envelope_ok": true,
      "cross_impl_lower_ok": true,
      "cross_impl_upper_ok": true,
      "status": "pass"
    },
    {
      "dataset": "twitch_en",
      "L": 1,
      "n": 7126,
      "m": 5810,
      "H": 0.18775028555360954,
      "eps_star": 0.07900645523435307,
      "lower_paperA_json": 0.028684325615406348,
      "upper_paperA_json": 0.09387514277680477,
      "lower_paperB_recomputed": 0.028684325615406625,
      "upper_paperB_recomputed": 0.09387514277680477,
      "abs_diff_lower": 2.7755575615628914e-16,
      "abs_diff_upper": 0.0,
      "T3_lower_envelope_ok": true,
      "T3_upper_envelope_ok": true,
      "cross_impl_lower_ok": true,
      "cross_impl_upper_ok": true,
      "status": "pass"
    },
    {
      "dataset": "twitch_en",
      "L": 2,
      "n": 7126,
      "m": 6633,
      "H": 0.06498221657696275,
      "eps_star": 0.027785573954532697,
      "lower_paperA_json": 0.0076793509729200515,
      "upper_paperA_json": 0.032491108288481375,
      "lower_paperB_recomputed": 0.007679350972920329,
      "upper_paperB_recomputed": 0.032491108288481375,
      "abs_diff_lower": 2.7755575615628914e-16,
      "abs_diff_upper": 0.0,
      "T3_lower_envelope_ok": true,
      "T3_upper_envelope_ok": true,
      "cross_impl_lower_ok": true,
      "cross_impl_upper_ok": true,
      "status": "pass"
    },
    {
      "dataset": "twitch_en",
      "L": 3,
      "n": 7126,
      "m": 6648,
      "H": 0.062442241068948454,
      "eps_star": 0.026662924501824305,
      "lower_paperA_json": 0.0073189855356754485,
      "upper_paperA_json": 0.031221120534474227,
      "lower_paperB_recomputed": 0.007318985535675298,
      "upper_paperB_recomputed": 0.031221120534474227,
      "abs_diff_lower": 1.5092094240998222e-16,
      "abs_diff_upper": 0.0,
      "T3_lower_envelope_ok": true,
      "T3_upper_envelope_ok": true,
      "cross_impl_lower_ok": true,
      "cross_impl_upper_ok": true,
      "status": "pass"
    },
    {
      "dataset": "twitch_en",
      "L": 4,
      "n": 7126,
      "m": 6648,
      "H": 0.062442241068948454,
      "eps_star": 0.026662924501824305,
      "lower_paperA_json": 0.0073189855356754485,
      "upper_paperA_json": 0.031221120534474227,
      "lower_paperB_recomputed": 0.007318985535675298,
      "upper_paperB_recomputed": 0.031221120534474227,
      "abs_diff_lower": 1.5092094240998222e-16,
      "abs_diff_upper": 0.0,
      "T3_lower_envelope_ok": true,
      "T3_upper_envelope_ok": true,
      "cross_impl_lower_ok": true,
      "cross_impl_upper_ok": true,
      "status": "pass"
    },
    {
      "dataset": "twitch_en",
      "L": 5,
      "n": 7126,
      "m": 6648,
      "H": 0.062442241068948454,
      "eps_star": 0.026662924501824305,
      "lower_paperA_json": 0.0073189855356754485,
      "upper_paperA_json": 0.031221120534474227,
      "lower_paperB_recomputed": 0.007318985535675298,
      "upper_paperB_recomputed": 0.031221120534474227,
      "abs_diff_lower": 1.5092094240998222e-16,
      "abs_diff_upper": 0.0,
      "T3_lower_envelope_ok": true,
      "T3_upper_envelope_ok": true,
      "cross_impl_lower_ok": true,
      "cross_impl_upper_ok": true,
      "status": "pass"
    },
    {
      "dataset": "cora",
      "L": 0,
      "n": 2708,
      "m": 37,
      "H": 0.8635791855413593,
      "eps_star": 0.3002215657311669,
      "lower_paperA_json": 0.28606153840605986,
      "upper_paperA_json": 0.43178959277067963,
      "lower_paperB_recomputed": 0.2860615384060595,
      "upper_paperB_recomputed": 0.43178959277067963,
      "abs_diff_lower": 3.3306690738754696e-16,
      "abs_diff_upper": 0.0,
      "T3_lower_envelope_ok": true,
      "T3_upper_envelope_ok": true,
      "cross_impl_lower_ok": true,
      "cross_impl_upper_ok": true,
      "status": "pass"
    },
    {
      "dataset": "cora",
      "L": 1,
      "n": 2708,
      "m": 1589,
      "H": 0.3266701226819082,
      "eps_star": 0.12887740029542097,
      "lower_paperA_json": 0.059804941502358044,
      "upper_paperA_json": 0.1633350613409541,
      "lower_paperB_recomputed": 0.05980494150235777,
      "upper_paperB_recomputed": 0.1633350613409541,
      "abs_diff_lower": 2.7755575615628914e-16,
      "abs_diff_upper": 0.0,
      "T3_lower_envelope_ok": true,
      "T3_upper_envelope_ok": true,
      "cross_impl_lower_ok": true,
      "cross_impl_upper_ok": true,
      "status": "pass"
    },
    {
      "dataset": "cora",
      "L": 2,
      "n": 2708,
      "m": 2301,
      "H": 0.08885725025905067,
      "eps_star": 0.039143279172821274,
      "lower_paperA_json": 0.011232480347747487,
      "upper_paperA_json": 0.044428625129525334,
      "lower_paperB_recomputed": 0.011232480347747542,
      "upper_paperB_recomputed": 0.044428625129525334,
      "abs_diff_lower": 5.551115123125783e-17,
      "abs_diff_upper": 0.0,
      "T3_lower_envelope_ok": true,
      "T3_upper_envelope_ok": true,
      "cross_impl_lower_ok": true,
      "cross_impl_upper_ok": true,
      "status": "pass"
    },
    {
      "dataset": "cora",
      "L": 3,
      "n": 2708,
      "m": 2363,
      "H": 0.0646420705801003,
      "eps_star": 0.029172821270310196,
      "lower_paperA_json": 0.007630885221828532,
      "upper_paperA_json": 0.03232103529005015,
      "lower_paperB_recomputed": 0.00763088522182865,
      "upper_paperB_recomputed": 0.03232103529005015,
      "abs_diff_lower": 1.1796119636642288e-16,
      "abs_diff_upper": 0.0,
      "T3_lower_envelope_ok": true,
      "T3_upper_envelope_ok": true,
      "cross_impl_lower_ok": true,
      "cross_impl_upper_ok": true,
      "status": "pass"
    },
    {
      "dataset": "cora",
      "L": 4,
      "n": 2708,
      "m": 2365,
      "H": 0.06390351814287726,
      "eps_star": 0.028803545051698676,
      "lower_paperA_json": 0.007525871769627823,
      "upper_paperA_json": 0.03195175907143863,
      "lower_paperB_recomputed": 0.007525871769627473,
      "upper_paperB_recomputed": 0.03195175907143863,
      "abs_diff_lower": 3.5041414214731503e-16,
      "abs_diff_upper": 0.0,
      "T3_lower_envelope_ok": true,
      "T3_upper_envelope_ok": true,
      "cross_impl_lower_ok": true,
      "cross_impl_upper_ok": true,
      "status": "pass"
    },
    {
      "dataset": "cora",
      "L": 5,
      "n": 2708,
      "m": 2365,
      "H": 0.06390351814287726,
      "eps_star": 0.028803545051698673,
      "lower_paperA_json": 0.007525871769627823,
      "upper_paperA_json": 0.03195175907143863,
      "lower_paperB_recomputed": 0.007525871769627473,
      "upper_paperB_recomputed": 0.03195175907143863,
      "abs_diff_lower": 3.5041414214731503e-16,
      "abs_diff_upper": 0.0,
      "T3_lower_envelope_ok": true,
      "T3_upper_envelope_ok": true,
      "cross_impl_lower_ok": true,
      "cross_impl_upper_ok": true,
      "status": "pass"
    },
    {
      "dataset": "citeseer",
      "L": 0,
      "n": 3327,
      "m": 32,
      "H": 0.7338515025857631,
      "eps_star": 0.21070033062819357,