{
  "experiment": "e3e_robust_lemma",
  "results": [
    {
      "dataset": "cora",
      "n": 2708,
      "Delta_max": 168,
      "L": 3,
      "d_hidden": 32,
      "K_cells": 2363,
      "L_op_per_round": [
        1.7911989326022906,
        1.8608036840664457,
        1.9281375000934105
      ],
      "predicted_unit_envelope": [
        1.0,
        302.7126196097871,
        95195.8000653771,
        31020050.040808767
      ],
      "deltas": [
        0.0,
        0.001,
        0.01,
        0.1,
        1.0
      ],
      "sweep": [
        {
          "delta_0_param": 0.0,
          "delta_0": 0.0,
          "D": [
            0.0,
            0.0,
            4.407459562045625e-15,
            1.0048591735576161e-14
          ],
          "delta_l_bound": [
            0.0,
            0.0,
            0.0,
            0.0
          ],
          "looseness": [
            null,
            null,
            null,
            null
          ],
          "gamma_eff": [
            null,
            null,
            null,
            null
          ]
        },
        {
          "delta_0_param": 0.001,
          "delta_0": 0.01182385252545143,
          "D": [
            0.01182385252545143,
            0.01610230057290598,
            0.046535753626513965,
            0.1088277350124308
          ],
          "delta_l_bound": [
            0.01182385252545143,
            3.579229371859199,
            1125.5811010153784,
            366776.4970146465
          ],
          "looseness": [
            1.0,
            222.28062106117153,
            24187.447570937657,
            3370248.374394189
          ],
          "gamma_eff": [
            null,
            1.3618489014680264,
            1.983873030999885,
            2.0956891361607815
          ]
        },
        {
          "delta_0_param": 0.01,
          "delta_0": 0.11704131030909369,
          "D": [
            0.11704131030909369,
            0.14408774642992747,
            0.3909493369408483,
            1.0284279918631851
          ],
          "delta_l_bound": [
            0.11704131030909369,
            35.429881646227734,
            11141.841175574244,
            3630627.302629913
          ],
          "looseness": [
            1.0,
            245.89101102679774,
            28499.450242730643,
            3530268.848529073
          ],
          "gamma_eff": [
            null,
            1.2310845294657673,
            1.8276399929768588,
            2.0635337255645023
          ]
        },
        {
          "delta_0_param": 0.1,
          "delta_0": 1.1975778281217604,
          "D": [
            1.1975778281217604,
            1.4045269283023902,
            2.4941797667493693,
            4.026773990820426
          ],
          "delta_l_bound": [
            1.1975778281217604,
            362.52192153733745,
            114004.37948860765,
            37148924.15610009
          ],
          "looseness": [
            1.0,
            258.1096269727679,
            45708.164667371995,
            9225480.307756549
          ],
          "gamma_eff": [
            null,
            1.172806389130635,
            1.443151757039964,
            1.498135755504327
          ]
        },
        {
          "delta_0_param": 1.0,
          "delta_0": 11.331581577264865,
          "D": [
            11.331581577264865,
            13.263116471313724,
            21.571097517097876,
            46.91200845157215
          ],
          "delta_l_bound": [
            11.331581577264865,
            3430.2127435758507,
            1078718.9742538165,
            351506227.5682629
          ],
          "looseness": [
            1.0,
            258.627959046799,
            50007.6073272949,
            7492883.7875514785
          ],
          "gamma_eff": [
            null,
            1.1704558962823157,
            1.379719671212415,
            1.6057003390233602
          ]
        }
      ]
    },
    {
      "dataset": "citeseer",
      "n": 3327,
      "Delta_max": 99,
      "L": 3,
      "d_hidden": 32,
      "K_cells": 2044,
      "L_op_per_round": [
        1.7911989326022906,
        1.8608036840664457,
        1.9281375000934105
      ],
      "predicted_unit_envelope": [
        1.0,
        179.11989326022905,
        33330.695726822276,
        6426616.433508922
      ],
      "deltas": [
        0.0,
        0.001,
        0.01,
        0.1,
        1.0
      ],
      "sweep": [
        {
          "delta_0_param": 0.0,
          "delta_0": 0.0,
          "D": [
            0.0,
            0.0,
            1.6450886778082645e-15,
            9.155133597044475e-15
          ],
          "delta_l_bound": [
            0.0,
            0.0,
            0.0,
            0.0
          ],
          "looseness": [
            null,
            null,
            null,
            null
          ],
          "gamma_eff": [
            null,
            null,
            null,
            null
          ]
        },
        {
          "delta_0_param": 0.001,
          "delta_0": 0.012166795635340224,
          "D": [
            0.012166795635340224,
            0.01863158956713022,
            0.03993500232878966,
            0.08829011085414244
          ],
          "delta_l_bound": [
            0.012166795635340224,
            2.1793151355211617,
            405.52776329195433,
            78191.32877322212
          ],
          "looseness": [
            1.0,
            116.96882478379094,
            10154.69487025932,
            885618.1968374264
          ],
          "gamma_eff": [
            null,
            1.5313472935315904,
            1.811710287455223,
            1.936029406700994
          ]
        },
        {
          "delta_0_param": 0.01,
          "delta_0": 0.12525171995607917,
          "D": [
            0.12525171995607917,
            0.2023236586008178,
            0.47132255442541876,
            0.7867507404414721
          ],
          "delta_l_bound": [
            0.12525171995607917,
            22.435074709193003,
            4174.726967117228,
            804944.7617949959
          ],
          "looseness": [
            1.0,
            110.88705524773621,
            8857.473354328578,
            1023125.5217418855
          ],
          "gamma_eff": [
            null,
            1.615336369606459,
            1.9398460383504763,
            1.8450911283693685
          ]
        },
        {
          "delta_0_param": 0.1,
          "delta_0": 1.2994655741543737,
          "D": [
            1.2994655741543737,
            1.8691542528476315,
            3.315029987395531,
            6.492727161129768
          ],
          "delta_l_bound": [
            1.2994655741543737,
            232.76013493787366,
            43312.09165961984,
            8351166.813639605
          ],
          "looseness": [
            1.0,
            124.52698036198281,
            13065.369491166559,
            1286234.0594928772
          ],
          "gamma_eff": [
            null,
            1.4384022863121881,
            1.5972075020778773,
            1.7095722442833439
          ]
        },
        {
          "delta_0_param": 1.0,
          "delta_0": 13.064281866891818,
          "D": [
            13.064281866891818,
            15.196221186200056,
            26.690189953319607,
            47.76330016697281
          ],
          "delta_l_bound": [
            13.064281866891818,
            2340.0727735192086,
            435441.60379481287,
            83959128.53775959
          ],
          "looseness": [
            1.0,
            153.99043912602878,
            16314.668593831217,
            1757816.738882196
          ],
          "gamma_eff": [
            null,
            1.1631884049219046,
            1.4293318174746596,
            1.5405279948480621
          ]
        }
      ]
    }
  ]
}